,Unnamed: 0,num_cands,num_voters,generation,decision_rule,vm,mean,est_std_error,variance,num_trials,max_std_error,initial_trials,step_trials,min_num_trials,pref_voting_version
0,0,6,21,1,max,Plurality,0.0359428767055322,0.0003864590244804,0.0091759501373127,61440,0.0005,4096,4096,4095,1.13.20
1,1,6,21,1,max,Borda,0.0417883411176758,0.0004955432801766,0.0150871539137916,61440,0.0005,4096,4096,4095,1.13.20
2,2,6,21,1,max,Instant Runoff,0.0287592138447648,0.0004931297365803,0.0149405478384739,61440,0.0005,4096,4096,4095,1.13.20
3,3,6,21,1,max,Instant Runoff PUT,0.0240094146496442,0.0003562765597408,0.0077986357895698,61440,0.0005,4096,4096,4095,1.13.20
4,4,6,21,1,max,Minimax,0.009739980706607,0.0001974707858772,0.0023957960660237,61440,0.0005,4096,4096,4095,1.13.20
5,5,6,21,1,max,Stable Voting,0.0142791438357717,0.0003378401609589,0.0070124001285058,61440,0.0005,4096,4096,4095,1.13.20
6,6,6,21,1,max,Split Cycle,0.0096927186986951,0.0001942600080863,0.0023185205166209,61440,0.0005,4096,4096,4095,1.13.20
7,7,6,21,1,max,Strict Nanson,0.0137417095597711,0.0003343221940988,0.0068671187111261,61440,0.0005,4096,4096,4095,1.13.20
8,8,6,21,1,max,Blacks,0.0198864397156052,0.000375259446724,0.0086518186210763,61440,0.0005,4096,4096,4095,1.13.20
9,0,6,11,1,max,Plurality,0.0481939567805016,0.0003642142555223,0.0119534065279704,90112,0.0005,4096,4096,4095,1.13.20
10,1,6,11,1,max,Borda,0.0659685674610405,0.0004965254074687,0.0222157388838884,90112,0.0005,4096,4096,4095,1.13.20
11,2,6,11,1,max,Instant Runoff,0.0377519658191257,0.000489351888789,0.0215784550406163,90112,0.0005,4096,4096,4095,1.13.20
12,3,6,11,1,max,Instant Runoff PUT,0.03522302995606,0.0003737019351475,0.0125842837681083,90112,0.0005,4096,4096,4095,1.13.20
13,4,6,11,1,max,Minimax,0.0178533988745713,0.0002112705811704,0.0040221277758189,90112,0.0005,4096,4096,4095,1.13.20
14,5,6,11,1,max,Stable Voting,0.0299091843884445,0.0003891182322944,0.0136439767262147,90112,0.0005,4096,4096,4095,1.13.20
15,6,6,11,1,max,Split Cycle,0.0178346894570197,0.0002098220974777,0.0039671649427955,90112,0.0005,4096,4096,4095,1.13.20
16,7,6,11,1,max,Strict Nanson,0.0288715906732692,0.0003938137296669,0.0139752477378379,90112,0.0005,4096,4096,4095,1.13.20
17,8,6,11,1,max,Blacks,0.0377048749755931,0.0004130559424946,0.0153743073352021,90112,0.0005,4096,4096,4095,1.13.20
18,0,6,10,1,max,Plurality,0.050650727440741,0.0003645554198158,0.0125201719224137,94208,0.0005,4096,4096,4095,1.13.20
19,1,6,10,1,max,Borda,0.0689814000593906,0.0004896632995847,0.0225880262346803,94208,0.0005,4096,4096,4095,1.13.20
20,2,6,10,1,max,Instant Runoff,0.0444412266847268,0.0004269100796948,0.0171694345263819,94208,0.0005,4096,4096,4095,1.13.20
21,3,6,10,1,max,Instant Runoff PUT,0.0293783546688931,0.000262048150767,0.0064691224634158,94208,0.0005,4096,4096,4095,1.13.20
22,4,6,10,1,max,Minimax,0.0199863909845042,0.0002233742577263,0.0047005580316072,94208,0.0005,4096,4096,4095,1.13.20
23,5,6,10,1,max,Stable Voting,0.0424016466456512,0.0004409783298772,0.0183196710283007,94208,0.0005,4096,4096,4095,1.13.20
24,6,6,10,1,max,Split Cycle,0.021879418055626,0.0002333974725767,0.0051318679359927,94208,0.0005,4096,4096,4095,1.13.20
25,7,6,10,1,max,Strict Nanson,0.0267227464442218,0.0002913779187114,0.0079982771281313,94208,0.0005,4096,4096,4095,1.13.20
26,8,6,10,1,max,Blacks,0.0627950602531608,0.0004768754005964,0.0214236277838106,94208,0.0005,4096,4096,4095,1.13.20
27,0,6,6,1,max,Plurality,0.0513169965641437,0.0003332115994873,0.012733694173167,114688,0.0005,4096,4096,4095,1.13.20
28,1,6,6,1,max,Borda,0.0914116961983248,0.0004968418813627,0.0283106987031081,114688,0.0005,4096,4096,4095,1.13.20
29,2,6,6,1,max,Instant Runoff,0.0481856188185583,0.0003814148363371,0.0166843525106607,114688,0.0005,4096,4096,4095,1.13.20
30,3,6,6,1,max,Instant Runoff PUT,0.0350578900583333,0.0002306211787815,0.0060997574737018,114688,0.0005,4096,4096,4095,1.13.20
31,4,6,6,1,max,Minimax,0.0288206168705284,0.0002358392390747,0.006378907763132,114688,0.0005,4096,4096,4095,1.13.20
32,5,6,6,1,max,Stable Voting,0.0646531250006103,0.0004670459107802,0.0250168912399902,114688,0.0005,4096,4096,4095,1.13.20
33,6,6,6,1,max,Split Cycle,0.0305668113876998,0.0002418244334828,0.0067067875676469,114688,0.0005,4096,4096,4095,1.13.20
34,7,6,6,1,max,Strict Nanson,0.0337381653422103,0.0002694270345921,0.00832523564131,114688,0.0005,4096,4096,4095,1.13.20
35,8,6,6,1,max,Blacks,0.0875261827392156,0.0004920514893117,0.0277674049442786,114688,0.0005,4096,4096,4095,1.13.20
36,0,6,20,1,max,Plurality,0.0375208425677673,0.0003825658391318,0.0095914811749725,65536,0.0005,4096,4096,4095,1.13.20
37,1,6,20,1,max,Borda,0.0435137655849146,0.0004888591241323,0.0156617668462197,65536,0.0005,4096,4096,4095,1.13.20
38,2,6,20,1,max,Instant Runoff,0.024677116087572,0.0004049896691826,0.010748829987603,65536,0.0005,4096,4096,4095,1.13.20
39,3,6,20,1,max,Instant Runoff PUT,0.0229352972624018,0.0003291741795432,0.0071010868987255,65536,0.0005,4096,4096,4095,1.13.20
40,4,6,20,1,max,Minimax,0.0104884559392569,0.0001995206817041,0.0026088502065997,65536,0.0005,4096,4096,4095,1.13.20
41,5,6,20,1,max,Stable Voting,0.0206651476972488,0.0003903941713998,0.0099880326599401,65536,0.0005,4096,4096,4095,1.13.20
42,6,6,20,1,max,Split Cycle,0.0110239568630205,0.0002034694339677,0.0027131365849952,65536,0.0005,4096,4096,4095,1.13.20
43,7,6,20,1,max,Strict Nanson,0.0140616104975536,0.0002782044663742,0.0050722599151223,65536,0.0005,4096,4096,4095,1.13.20
44,8,6,20,1,max,Blacks,0.0338285563016471,0.0004455393119446,0.0130090434257188,65536,0.0005,4096,4096,4095,1.13.20
45,0,6,5,1,max,Plurality,0.0611641825569547,0.0003481173117305,0.0148911730501742,122880,0.0005,4096,4096,4095,1.13.20
46,1,6,5,1,max,Borda,0.0979774055439411,0.000490654206326,0.0295820809452432,122880,0.0005,4096,4096,4095,1.13.20
47,2,6,5,1,max,Instant Runoff,0.065395303457348,0.0004918013162253,0.0297205636681443,122880,0.0005,4096,4096,4095,1.13.20
48,3,6,5,1,max,Instant Runoff PUT,0.0446809295117827,0.0003336569613835,0.0136797464860877,122880,0.0005,4096,4096,4095,1.13.20
49,4,6,5,1,max,Minimax,0.0260970639618184,0.0002073010228681,0.0052805670127041,122880,0.0005,4096,4096,4095,1.13.20
50,5,6,5,1,max,Stable Voting,0.0545804473036367,0.0004246311877518,0.022156514701101,122880,0.0005,4096,4096,4095,1.13.20
51,6,6,5,1,max,Split Cycle,0.0261463999081806,0.0002047626639476,0.0051520398137011,122880,0.0005,4096,4096,4095,1.13.20
52,7,6,5,1,max,Strict Nanson,0.0474138395347522,0.0004057594513545,0.0202308885521037,122880,0.0005,4096,4096,4095,1.13.20
53,8,6,5,1,max,Blacks,0.0619680287605769,0.0004390491879197,0.0236866708308779,122880,0.0005,4096,4096,4095,1.13.20
54,0,3,21,1,max,Plurality,0.0135756966487442,0.0003779826708857,0.0040962515592764,28672,0.0005,4096,4096,4095,1.13.20
55,1,3,21,1,max,Borda,0.0206839237622399,0.0004657754542712,0.0062200809516644,28672,0.0005,4096,4096,4095,1.13.20
56,2,3,21,1,max,Instant Runoff,0.012995822905312,0.0004824063400145,0.0066721969062047,28672,0.0005,4096,4096,4095,1.13.20
57,3,3,21,1,max,Instant Runoff PUT,0.012569432887918,0.0004367423563222,0.0054688179499404,28672,0.0005,4096,4096,4095,1.13.20
58,4,3,21,1,max,Minimax,0.0058005436827185,0.0002434667024154,0.00169950320479,28672,0.0005,4096,4096,4095,1.13.20
59,5,3,21,1,max,Stable Voting,0.0058005436827185,0.0002434667024154,0.00169950320479,28672,0.0005,4096,4096,4095,1.13.20
60,6,3,21,1,max,Split Cycle,0.0058005436827185,0.0002434667024154,0.00169950320479,28672,0.0005,4096,4096,4095,1.13.20
61,7,3,21,1,max,Strict Nanson,0.0077939315775124,0.0003898629064593,0.0043577937639155,28672,0.0005,4096,4096,4095,1.13.20
62,8,3,21,1,max,Blacks,0.0084630853212144,0.0003934419635972,0.0044381727084608,28672,0.0005,4096,4096,4095,1.13.20
63,0,3,11,1,max,Plurality,0.017501761244624,0.0003872072279962,0.0055268488513382,36864,0.0005,4096,4096,4095,1.13.20
64,1,3,11,1,max,Borda,0.0301107039613379,0.0004881245852233,0.0087831852072138,36864,0.0005,4096,4096,4095,1.13.20
65,2,3,11,1,max,Instant Runoff,0.0114828247258032,0.0004503967021756,0.0074779245702968,36864,0.0005,4096,4096,4095,1.13.20
66,3,3,11,1,max,Instant Runoff PUT,0.0135472158894509,0.0004380378496124,0.0070731676640417,36864,0.0005,4096,4096,4095,1.13.20
67,4,3,11,1,max,Minimax,0.0080672795784701,0.0002480117159132,0.0022674361713793,36864,0.0005,4096,4096,4095,1.13.20
68,5,3,11,1,max,Stable Voting,0.0080672795784701,0.0002480117159132,0.0022674361713793,36864,0.0005,4096,4096,4095,1.13.20
69,6,3,11,1,max,Split Cycle,0.0080672795784701,0.0002480117159132,0.0022674361713793,36864,0.0005,4096,4096,4095,1.13.20
70,7,3,11,1,max,Strict Nanson,0.0131734772110836,0.0004308376512363,0.0068425499355496,36864,0.0005,4096,4096,4095,1.13.20
71,8,3,11,1,max,Blacks,0.0116333726235311,0.0004081139221738,0.0061397897131016,36864,0.0005,4096,4096,4095,1.13.20
72,0,3,10,1,max,Plurality,0.0223339128408519,0.0003916735430182,0.0069118048425572,45056,0.0005,4096,4096,4095,1.13.20
73,1,3,10,1,max,Borda,0.0318621061638891,0.0004512480644456,0.0091743160698279,45056,0.0005,4096,4096,4095,1.13.20
74,2,3,10,1,max,Instant Runoff,0.0256278490099337,0.000499782357928,0.0112539462706184,45056,0.0005,4096,4096,4095,1.13.20
75,3,3,10,1,max,Instant Runoff PUT,0.0101876459944401,0.0002484568922484,0.0027812824242619,45056,0.0005,4096,4096,4095,1.13.20
76,4,3,10,1,max,Minimax,0.0104689756919784,0.0002577138099588,0.002992391255388,45056,0.0005,4096,4096,4095,1.13.20
77,5,3,10,1,max,Stable Voting,0.0249795329253228,0.0004030284745055,0.0073183715641229,45056,0.0005,4096,4096,4095,1.13.20
78,6,3,10,1,max,Split Cycle,0.0104689756919784,0.0002577138099588,0.002992391255388,45056,0.0005,4096,4096,4095,1.13.20
79,7,3,10,1,max,Strict Nanson,0.0112364930793266,0.0002804406849053,0.0035434395825355,45056,0.0005,4096,4096,4095,1.13.20
80,8,3,10,1,max,Blacks,0.0293578658046833,0.0004394957396423,0.0087026663401551,45056,0.0005,4096,4096,4095,1.13.20
81,0,3,6,1,max,Plurality,0.0187451122249238,0.0003290169054648,0.0048772994505001,45056,0.0005,4096,4096,4095,1.13.20
82,1,3,6,1,max,Borda,0.0401732355991062,0.0004940895131756,0.0109990269609444,45056,0.0005,4096,4096,4095,1.13.20
83,2,3,6,1,max,Instant Runoff,0.0118782350672899,0.0002469739197209,0.0027481800524409,45056,0.0005,4096,4096,4095,1.13.20
84,3,3,6,1,max,Instant Runoff PUT,0.0117208643703838,0.000247614567132,0.0027624560370818,45056,0.0005,4096,4096,4095,1.13.20
85,4,3,6,1,max,Minimax,0.0129749812751335,0.0002756953300723,0.0034245366113936,45056,0.0005,4096,4096,4095,1.13.20
86,5,3,6,1,max,Stable Voting,0.0369489206053831,0.0004753547770642,0.0101807253025275,45056,0.0005,4096,4096,4095,1.13.20
87,6,3,6,1,max,Split Cycle,0.0129749812751335,0.0002756953300723,0.0034245366113936,45056,0.0005,4096,4096,4095,1.13.20
88,7,3,6,1,max,Strict Nanson,0.0129749812751335,0.0002756953300723,0.0034245366113936,45056,0.0005,4096,4096,4095,1.13.20
89,8,3,6,1,max,Blacks,0.0394442707907582,0.0004898916811843,0.0108129233304726,45056,0.0005,4096,4096,4095,1.13.20
90,0,3,20,1,max,Plurality,0.0145167268237886,0.0004011477676829,0.0046137238881231,28672,0.0005,4096,4096,4095,1.13.20
91,1,3,20,1,max,Borda,0.0222815708764229,0.0004828517776948,0.0066845243563653,28672,0.0005,4096,4096,4095,1.13.20
92,2,3,20,1,max,Instant Runoff,0.0117268177232844,0.0004595267372835,0.006054306619545,28672,0.0005,4096,4096,4095,1.13.20
93,3,3,20,1,max,Instant Runoff PUT,0.0103373295870457,0.000382976084831,0.0042051951107919,28672,0.0005,4096,4096,4095,1.13.20
94,4,3,20,1,max,Minimax,0.0062492434433158,0.0002555309966949,0.0018721042041859,28672,0.0005,4096,4096,4095,1.13.20
95,5,3,20,1,max,Stable Voting,0.013407974625474,0.000379017330355,0.0041187077535978,28672,0.0005,4096,4096,4095,1.13.20
96,6,3,20,1,max,Split Cycle,0.0062492434433158,0.0002555309966949,0.0018721042041859,28672,0.0005,4096,4096,4095,1.13.20
97,7,3,20,1,max,Strict Nanson,0.0069836607408576,0.0003052309454425,0.0026711603806291,28672,0.0005,4096,4096,4095,1.13.20
98,8,3,20,1,max,Blacks,0.0179555544928781,0.0004560864564057,0.0059639939282547,28672,0.0005,4096,4096,4095,1.13.20
99,0,3,5,1,max,Plurality,0.0178405215463891,0.000354010957827,0.0056464619284789,45056,0.0005,4096,4096,4095,1.13.20
100,1,3,5,1,max,Borda,0.0393085857958558,0.0004894804377949,0.0107947769647202,45056,0.0005,4096,4096,4095,1.13.20
101,2,3,5,1,max,Instant Runoff,0.0166961323797638,0.0004939762847374,0.0109939863360778,45056,0.0005,4096,4096,4095,1.13.20
102,3,3,5,1,max,Instant Runoff PUT,0.0166961323797638,0.0004939762847374,0.0109939863360778,45056,0.0005,4096,4096,4095,1.13.20
103,4,3,5,1,max,Minimax,0.0095803217479359,0.0002271001672436,0.0023236884650218,45056,0.0005,4096,4096,4095,1.13.20
104,5,3,5,1,max,Stable Voting,0.0095803217479359,0.0002271001672436,0.0023236884650218,45056,0.0005,4096,4096,4095,1.13.20
105,6,3,5,1,max,Split Cycle,0.0095803217479359,0.0002271001672436,0.0023236884650218,45056,0.0005,4096,4096,4095,1.13.20
106,7,3,5,1,max,Strict Nanson,0.0154498885054299,0.0003875522616578,0.0067671148197781,45056,0.0005,4096,4096,4095,1.13.20
107,8,3,5,1,max,Blacks,0.0136741648798457,0.0003615767748822,0.0058903899630674,45056,0.0005,4096,4096,4095,1.13.20
108,0,5,21,1,max,Plurality,0.0318382187140721,0.0003860635875481,0.0085466928040572,57344,0.0005,4096,4096,4095,1.13.20
109,1,5,21,1,max,Borda,0.0401148092911261,0.0004962027475803,0.0141188309904383,57344,0.0005,4096,4096,4095,1.13.20
110,2,5,21,1,max,Instant Runoff,0.0266120563561492,0.0004964437330653,0.0141325482040683,57344,0.0005,4096,4096,4095,1.13.20
111,3,5,21,1,max,Instant Runoff PUT,0.0228626654652658,0.0003739219896366,0.0080175637524642,57344,0.0005,4096,4096,4095,1.13.20
112,4,5,21,1,max,Minimax,0.0095686909248553,0.0002066702899163,0.0024492691226409,57344,0.0005,4096,4096,4095,1.13.20
113,5,5,21,1,max,Stable Voting,0.0139822709247292,0.0003458312679911,0.0068581807056735,57344,0.0005,4096,4096,4095,1.13.20
114,6,5,21,1,max,Split Cycle,0.0094780319456791,0.0002039758928288,0.0023858223112979,57344,0.0005,4096,4096,4095,1.13.20
115,7,5,21,1,max,Strict Nanson,0.0141076776408015,0.0003593588590279,0.0074052056098456,57344,0.0005,4096,4096,4095,1.13.20
116,8,5,21,1,max,Blacks,0.0191295258892753,0.000381958998936,0.0083659237696569,57344,0.0005,4096,4096,4095,1.13.20
117,0,5,11,1,max,Plurality,0.0400492612133815,0.0003565525625767,0.0104143403420411,81920,0.0005,4096,4096,4095,1.13.20
118,1,5,11,1,max,Borda,0.0600952229210297,0.0004938714498492,0.0199807821063221,81920,0.0005,4096,4096,4095,1.13.20
119,2,5,11,1,max,Instant Runoff,0.032117164226715,0.0004802014915988,0.0188899866764938,81920,0.0005,4096,4096,4095,1.13.20
120,3,5,11,1,max,Instant Runoff PUT,0.0299284936478928,0.0003820044518665,0.0119542267826594,81920,0.0005,4096,4096,4095,1.13.20
121,4,5,11,1,max,Minimax,0.0168240565667275,0.0002230317822604,0.0040749112264116,81920,0.0005,4096,4096,4095,1.13.20
122,5,5,11,1,max,Stable Voting,0.027772439522382,0.0003934442481968,0.0126809281995193,81920,0.0005,4096,4096,4095,1.13.20
123,6,5,11,1,max,Split Cycle,0.0166025963651231,0.0002205954730239,0.0039863720915506,81920,0.0005,4096,4096,4095,1.13.20
124,7,5,11,1,max,Strict Nanson,0.026158919531651,0.0003989777935146,0.013040135091203,81920,0.0005,4096,4096,4095,1.13.20
125,8,5,11,1,max,Blacks,0.0337243532255938,0.0004194574306018,0.014413200451721,81920,0.0005,4096,4096,4095,1.13.20
126,0,5,10,1,max,Plurality,0.0420943213860757,0.0003568642818622,0.0109541922292744,86016,0.0005,4096,4096,4095,1.13.20
127,1,5,10,1,max,Borda,0.0629928371019598,0.0004912038323524,0.0207538028409956,86016,0.0005,4096,4096,4095,1.13.20
128,2,5,10,1,max,Instant Runoff,0.039965107205249,0.0004266294044742,0.0156558179832652,86016,0.0005,4096,4096,4095,1.13.20
129,3,5,10,1,max,Instant Runoff PUT,0.0243915489301769,0.0002564488419551,0.0056568632245809,86016,0.0005,4096,4096,4095,1.13.20
130,4,5,10,1,max,Minimax,0.0185930859286125,0.0002308531464956,0.0045840124688662,86016,0.0005,4096,4096,4095,1.13.20
131,5,5,10,1,max,Stable Voting,0.0411847228413961,0.0004519192603361,0.0175669310014657,86016,0.0005,4096,4096,4095,1.13.20
132,6,5,10,1,max,Split Cycle,0.0197334459626872,0.0002380129487201,0.004872763835684,86016,0.0005,4096,4096,4095,1.13.20
133,7,5,10,1,max,Strict Nanson,0.0236863928604631,0.0002925972275398,0.0073640140275683,86016,0.0005,4096,4096,4095,1.13.20
134,8,5,10,1,max,Blacks,0.0573604222924708,0.0004792716582915,0.0197577592498053,86016,0.0005,4096,4096,4095,1.13.20
135,0,5,6,1,max,Plurality,0.0416630667314895,0.0003219949379335,0.0106168041008776,102400,0.0005,4096,4096,4095,1.13.20
136,1,5,6,1,max,Borda,0.0818729899569298,0.0004977343179448,0.0253682720695789,102400,0.0005,4096,4096,4095,1.13.20
137,2,5,6,1,max,Instant Runoff,0.0364881566980899,0.0003460125895324,0.0122596907958623,102400,0.0005,4096,4096,4095,1.13.20
138,3,5,6,1,max,Instant Runoff PUT,0.0281898370446147,0.0002261060848845,0.0052350425461111,102400,0.0005,4096,4096,4095,1.13.20
139,4,5,6,1,max,Minimax,0.0255618469215234,0.0002397450659058,0.0058856586568284,102400,0.0005,4096,4096,4095,1.13.20
140,5,5,6,1,max,Stable Voting,0.0601706806119311,0.0004721190851456,0.02282437159279,102400,0.0005,4096,4096,4095,1.13.20
141,6,5,6,1,max,Split Cycle,0.0263304013422799,0.0002425469209139,0.006024031676704,102400,0.0005,4096,4096,4095,1.13.20
142,7,5,6,1,max,Strict Nanson,0.0290943261585282,0.000268537282226,0.0073842245349328,102400,0.0005,4096,4096,4095,1.13.20
143,8,5,6,1,max,Blacks,0.0784875107610369,0.0004930416242111,0.0248921773341267,102400,0.0005,4096,4096,4095,1.13.20
144,0,5,20,1,max,Plurality,0.0327169888783628,0.0003789068917886,0.0088208238112715,61440,0.0005,4096,4096,4095,1.13.20
145,1,5,20,1,max,Borda,0.0410510167425012,0.0004887860787185,0.0146785039693905,61440,0.0005,4096,4096,4095,1.13.20
146,2,5,20,1,max,Instant Runoff,0.0225742153836514,0.0004049279952409,0.0100739489342263,61440,0.0005,4096,4096,4095,1.13.20
147,3,5,20,1,max,Instant Runoff PUT,0.0207400908953865,0.0003340570314578,0.0068562299262675,61440,0.0005,4096,4096,4095,1.13.20
148,4,5,20,1,max,Minimax,0.0099949312311623,0.0002043626702829,0.002565944601658,61440,0.0005,4096,4096,4095,1.13.20
149,5,5,20,1,max,Stable Voting,0.0210314197110238,0.0004055626078313,0.0101055499328054,61440,0.0005,4096,4096,4095,1.13.20
150,6,5,20,1,max,Split Cycle,0.0107722498420508,0.0002140290891705,0.0028144254216751,61440,0.0005,4096,4096,4095,1.13.20
151,7,5,20,1,max,Strict Nanson,0.0136702603374888,0.0002871370115012,0.0050655019900267,61440,0.0005,4096,4096,4095,1.13.20
152,8,5,20,1,max,Blacks,0.0327095936122953,0.0004509453515523,0.0124937257160133,61440,0.0005,4096,4096,4095,1.13.20
153,0,5,5,1,max,Plurality,0.0501131999222811,0.0003399525433318,0.0132541164475194,114688,0.0005,4096,4096,4095,1.13.20
154,1,5,5,1,max,Borda,0.0877913818667919,0.0004812603170485,0.0265628272708158,114688,0.0005,4096,4096,4095,1.13.20
155,2,5,5,1,max,Instant Runoff,0.0549640166415321,0.0004995301026488,0.0286178842057839,114688,0.0005,4096,4096,4095,1.13.20
156,3,5,5,1,max,Instant Runoff PUT,0.0386008248691469,0.0003457243265048,0.0137079992207713,114688,0.0005,4096,4096,4095,1.13.20
157,4,5,5,1,max,Minimax,0.0226529139509578,0.0002055719007227,0.0048466504127834,114688,0.0005,4096,4096,4095,1.13.20
158,5,5,5,1,max,Stable Voting,0.0467104719497782,0.0004049733265539,0.0188090573876194,114688,0.0005,4096,4096,4095,1.13.20
159,6,5,5,1,max,Split Cycle,0.022221896073289,0.0002004299582981,0.0046072254524507,114688,0.0005,4096,4096,4095,1.13.20
160,7,5,5,1,max,Strict Nanson,0.0419366477473284,0.000402050391056,0.0185385247152478,114688,0.0005,4096,4096,4095,1.13.20
161,8,5,5,1,max,Blacks,0.0514413772757039,0.0004207448594842,0.0203026080178669,114688,0.0005,4096,4096,4095,1.13.20
162,0,4,21,1,max,Plurality,0.025105743009783,0.0003825814123783,0.0071941599668753,49152,0.0005,4096,4096,4095,1.13.20
163,1,4,21,1,max,Borda,0.0328483608656196,0.0004751908181652,0.0110986061231234,49152,0.0005,4096,4096,4095,1.13.20
164,2,4,21,1,max,Instant Runoff,0.0213142198468172,0.00049378085168,0.0119839736937608,49152,0.0005,4096,4096,4095,1.13.20
165,3,4,21,1,max,Instant Runoff PUT,0.0187715529490764,0.0003873015155104,0.0073727711039711,49152,0.0005,4096,4096,4095,1.13.20
166,4,4,21,1,max,Minimax,0.0084149464135003,0.0002146941114001,0.0022655446398069,49152,0.0005,4096,4096,4095,1.13.20
167,5,4,21,1,max,Stable Voting,0.0118192072282432,0.0003337746015443,0.0054756909753489,49152,0.0005,4096,4096,4095,1.13.20
168,6,4,21,1,max,Split Cycle,0.0083405459698921,0.0002137512584332,0.0022456895532808,49152,0.0005,4096,4096,4095,1.13.20
169,7,4,21,1,max,Strict Nanson,0.0121342741899372,0.000370449654833,0.0067451365664919,49152,0.0005,4096,4096,4095,1.13.20
170,8,4,21,1,max,Blacks,0.0149623699949534,0.0003724467804862,0.0068180598176839,49152,0.0005,4096,4096,4095,1.13.20
171,0,4,11,1,max,Plurality,0.0316464960811813,0.0003656388541289,0.0087614902549976,65536,0.0005,4096,4096,4095,1.13.20
172,1,4,11,1,max,Borda,0.049062005102347,0.0004892722595724,0.0156882495881973,65536,0.0005,4096,4096,4095,1.13.20
173,2,4,11,1,max,Instant Runoff,0.0208145497873689,0.000439802077532,0.0126761642201586,65536,0.0005,4096,4096,4095,1.13.20
174,3,4,11,1,max,Instant Runoff PUT,0.0216945583298927,0.0003839571818076,0.0096613740028498,65536,0.0005,4096,4096,4095,1.13.20
175,4,4,11,1,max,Minimax,0.0134177505818551,0.0002275680094549,0.0033938740816984,65536,0.0005,4096,4096,4095,1.13.20
176,5,4,11,1,max,Stable Voting,0.0210438062819562,0.0003700213706736,0.0089727779199826,65536,0.0005,4096,4096,4095,1.13.20
177,6,4,11,1,max,Split Cycle,0.0131927073219938,0.0002245801414245,0.003305338983307,65536,0.0005,4096,4096,4095,1.13.20
178,7,4,11,1,max,Strict Nanson,0.0192618999565947,0.0003866638417612,0.0097980674998506,65536,0.0005,4096,4096,4095,1.13.20
179,8,4,11,1,max,Blacks,0.0250054589588005,0.000410821322252,0.0110606144980672,65536,0.0005,4096,4096,4095,1.13.20
180,0,4,10,1,max,Plurality,0.0313578176817831,0.0003496599341559,0.0085132301651102,69632,0.0005,4096,4096,4095,1.13.26
181,1,4,10,1,max,Borda,0.0526094322500339,0.000492612973556,0.0168971835972115,69632,0.0005,4096,4096,4095,1.13.26
182,2,4,10,1,max,Instant Runoff,0.0343797698549367,0.0004469079660134,0.0139071719426394,69632,0.0005,4096,4096,4095,1.13.26
183,3,4,10,1,max,Instant Runoff PUT,0.0178067562032266,0.0002476106380915,0.0042691481973606,69632,0.0005,4096,4096,4095,1.13.26
184,4,4,10,1,max,Minimax,0.0159780478491612,0.00024360572384,0.0041321645648701,69632,0.0005,4096,4096,4095,1.13.26
185,5,4,10,1,max,Stable Voting,0.0356713930828807,0.0004498395883226,0.0140902266287847,69632,0.0005,4096,4096,4095,1.13.26
186,6,4,10,1,max,Split Cycle,0.016467028720689,0.0002482878824736,0.0042925333848429,69632,0.0005,4096,4096,4095,1.13.26
187,7,4,10,1,max,Strict Nanson,0.0194213964257822,0.0002995826731517,0.0062493667955919,69632,0.0005,4096,4096,4095,1.13.26
188,8,4,10,1,max,Blacks,0.0479732459415452,0.0004811407006413,0.0161193240050153,69632,0.0005,4096,4096,4095,1.13.26
189,0,4,6,1,max,Plurality,0.0310446571361774,0.0003144496778715,0.0081000360263166,81920,0.0005,4096,4096,4095,1.13.20
190,1,4,6,1,max,Borda,0.066563624977421,0.0004993089525838,0.0204231792068499,81920,0.0005,4096,4096,4095,1.13.20
191,2,4,6,1,max,Instant Runoff,0.0231809007670804,0.0002837976941208,0.0065978489258163,81920,0.0005,4096,4096,4095,1.13.20
192,3,4,6,1,max,Instant Runoff PUT,0.0210182028964758,0.0002322855179795,0.0044200675912587,81920,0.0005,4096,4096,4095,1.13.20
193,4,4,6,1,max,Minimax,0.0216400785065078,0.0002556215489669,0.005352782123813,81920,0.0005,4096,4096,4095,1.13.20
194,5,4,6,1,max,Stable Voting,0.052809208455759,0.000480800366409,0.0189371326834226,81920,0.0005,4096,4096,4095,1.13.20
195,6,4,6,1,max,Split Cycle,0.0216757930931741,0.0002544192008798,0.0053025455821462,81920,0.0005,4096,4096,4095,1.13.20
196,7,4,6,1,max,Strict Nanson,0.0228228525711835,0.000269276175095,0.0059399187125165,81920,0.0005,4096,4096,4095,1.13.20
197,8,4,6,1,max,Blacks,0.0641920624735285,0.0004952513430554,0.0200925920241388,81920,0.0005,4096,4096,4095,1.13.20
198,0,4,20,1,max,Plurality,0.0256499383178816,0.0003866787665793,0.0073490805483913,49152,0.0005,4096,4096,4095,1.13.20
199,1,4,20,1,max,Borda,0.0338610288670686,0.0004823041426354,0.0114333722243503,49152,0.0005,4096,4096,4095,1.13.20
200,2,4,20,1,max,Instant Runoff,0.0184609326055954,0.0004220559528943,0.0087553279566363,49152,0.0005,4096,4096,4095,1.13.20
201,3,4,20,1,max,Instant Runoff PUT,0.0163404450488446,0.0003497298200321,0.0060117053569649,49152,0.0005,4096,4096,4095,1.13.20
202,4,4,20,1,max,Minimax,0.0089238522185087,0.000220948338093,0.0023994617805824,49152,0.0005,4096,4096,4095,1.13.20
203,5,4,20,1,max,Stable Voting,0.0184864753530325,0.0004046025356764,0.0080461765669088,49152,0.0005,4096,4096,4095,1.13.20
204,6,4,20,1,max,Split Cycle,0.0091640415852761,0.0002252074862321,0.0024928606610852,49152,0.0005,4096,4096,4095,1.13.20
205,7,4,20,1,max,Strict Nanson,0.0118786088462109,0.0003098519898628,0.0047189017720747,49152,0.0005,4096,4096,4095,1.13.20
206,8,4,20,1,max,Blacks,0.0265091599361484,0.0004427238854871,0.0096338141705151,49152,0.0005,4096,4096,4095,1.13.20
207,0,4,5,1,max,Plurality,0.0349752000326201,0.0003349171221813,0.0101077038978605,90112,0.0005,4096,4096,4095,1.13.20
208,1,4,5,1,max,Borda,0.0695623654638875,0.000479240729827,0.0206959444974241,90112,0.0005,4096,4096,4095,1.13.20
209,2,4,5,1,max,Instant Runoff,0.0368855106853007,0.0004957623059953,0.0221475053734306,90112,0.0005,4096,4096,4095,1.13.20
210,3,4,5,1,max,Instant Runoff PUT,0.028133484536207,0.0003733695873482,0.0125619103263032,90112,0.0005,4096,4096,4095,1.13.20
211,4,4,5,1,max,Minimax,0.0176629195044195,0.0002117690379113,0.0040411292075334,90112,0.0005,4096,4096,4095,1.13.20
212,5,4,5,1,max,Stable Voting,0.0331593718353235,0.0003792219436855,0.0129587982619025,90112,0.0005,4096,4096,4095,1.13.20
213,6,4,5,1,max,Split Cycle,0.0172184339894256,0.000206967803124,0.0038599651972406,90112,0.0005,4096,4096,4095,1.13.20
214,7,4,5,1,max,Strict Nanson,0.0271939787940917,0.0003685113152234,0.0122371269157212,90112,0.0005,4096,4096,4095,1.13.20
215,8,4,5,1,max,Blacks,0.0358798348486587,0.0004051631675293,0.0147923687573621,90112,0.0005,4096,4096,4095,1.13.20
